{
      "entity": "россия",
      "values": [
        {
          "type": "synonyms",
          "value": "RU-YAN",
          "synonyms": [
            "Ямало-Ненецком автономном округе",
            "Салехард",
            "Салехарде",
            "Ямало-Ненецкий",
            "Ямало-Ненецком",
            "Ямало Ненецкий автономный округ",
            "Ямало Ненецком автономном округе",
            "Ямало Ненецкий",
            "Ямало Ненецком",
            "Ямало-Ненецкий автономный округ"
          ]
        },
        {
          "type": "synonyms",
          "value": "RU-VOR",
          "synonyms": [
            "Воронежской области",
            "Воронеж",
            "Воронеже",
            "Воронежская",
            "Воронежской",
            "Воронежская область"
          ]
        },
        {
          "type": "synonyms",
          "value": "RU-VLG",
          "synonyms": [
            "Вологодской области",
            "Вологда",
            "Вологде",
            "Вологодская",
            "Вологодской",
            "Вологодская область"
          ]
        },
        {
          "type": "synonyms",
          "value": "RU-VLA",
          "synonyms": [
            "Владимирской области",
            "Владимир",
            "Владимире",
            "Владимирская",
            "Владимирской",
            "Владимирская область"
          ]
        },
        {
          "type": "synonyms",
          "value": "RU-VGG",
          "synonyms": [
            "Волгоградской области",
            "Волгоград",
            "Волгограде",
            "Волгоградская",
            "Волгоградской",
            "Волгоградская область"
          ]
        },
        {
          "type": "synonyms",
          "value": "RU-ULY",
          "synonyms": [
            "Ульяновской области",
            "Ульяновск",
            "Ульяновске",
            "Ульяновская",
            "Ульяновской",
            "Ульяновская область"
          ]
        },
        {
          "type": "synonyms",
          "value": "RU-UD",
          "synonyms": [
            "Удмуртской Республике",
            "Ижевск",
            "Ижевске",
            "Удмуртская",
            "Удмуртской",
            "Удмуртия",
            "Удмуртии",
            "Удмуртская Республика"
          ]
        },
        {
          "type": "synonyms",
          "value": "RU-TYU",
          "synonyms": [
            "Тюменской области",
            "Тюмень",
            "Тюмени",
            "Тюменская",
            "Тюменской",
            "Тюменская область"
          ]
        },
        {
          "type": "synonyms",
          "value": "RU-TY",
          "synonyms": [
            "Республике Тыва",
            "Тыва",
            "Кызыл",
            "Кызыле",
            "Республика Тыва"
          ]
        },
        {
          "type": "synonyms",
          "value": "RU-TVE",
          "synonyms": [
            "Тверской области",
            "Тверь",
            "Твери",
            "Тверская",
            "Тверской",
            "Тверская область"
          ]
        },
        {
          "type": "synonyms",
          "value": "RU-TUL",
          "synonyms": [
            "Тульской области",
            "Тула",
            "Туле",
            "Тульская",
            "Тульской",
            "Тульская область"
          ]
        },
        {
          "type": "synonyms",
          "value": "RU-TT",
          "synonyms": [
            "Республике Татарстане",
            "Казань",
            "Казани",
            "Татарстан",
            "Татарстане",
            "Республика Татарстан"
          ]
        },
        {
          "type": "synonyms",
          "value": "RU-TOM",
          "synonyms": [
            "Томской области",
            "Томск",
            "Томске",
            "Томская",
            "Томской",
            "Томская область"
          ]
        },
        {
          "type": "synonyms",
          "value": "RU-TAM",
          "synonyms": [
            "Тамбовской области",
            "Тамбов",
            "Тамбове",
            "Тамбовская",
            "Тамбовской",
            "Тамбовская область"
          ]
        },
        {
          "type": "synonyms",
          "value": "RU-SVE",
          "synonyms": [
            "Свердловской области",
            "Екатеринбург",
            "Екатеринбурге",
            "Свердловская",
            "Свердловской",
            "Свердловская область"
          ]
        },
        {
          "type": "synonyms",
          "value": "RU-STA",
          "synonyms": [
            "Ставропольском крае",
            "Ставрополь",
            "Ставрополе",
            "Ставропольский",
            "Ставропольском",
            "Ставропольский край"
          ]
        },
        {
          "type": "synonyms",
          "value": "RU-SPE",
          "synonyms": [
            "Санкт-Петербурге",
            "Санкт Петербург",
            "Санкт Петербурге",
            "Питер",
            "Питере",
            "Санкт-Петербург"
          ]
        },
        {
          "type": "synonyms",
          "value": "RU-SMO",
          "synonyms": [
            "Смоленской области",
            "Смоленск",
            "Смоленске",
            "Смоленская",
            "Смоленской",
            "Смоленская область"
          ]
        },
        {
          "type": "synonyms",
          "value": "RU-SE",
          "synonyms": [
            "Республике Северной Осетии — Алании",
            "Владикавказ",
            "Владикавказе",
            "Республике Северной Осетии Алании",
            "Северная Осетия",
            "Алания",
            "Северной Осетии",
            "Алании",
            "Осетия",
            "Осетии",
            "Республика Северная Осетия — Алания"
          ]
        },
        {
          "type": "synonyms",
          "value": "RU-SAR",
          "synonyms": [
            "Саратовской области",
            "Саратов",
            "Саратове",
            "Саратовская",
            "Саратовской",
            "Саратовская область"
          ]
        },
        {
          "type": "synonyms",
          "value": "RU-SAM",
          "synonyms": [
            "Самарской области",
            "Самара",
            "Самаре",
            "Самарская",
            "Самарской",
            "Самарская область"
          ]
        },
        {
          "type": "synonyms",
          "value": "RU-SAK",
          "synonyms": [
            "Сахалинской области",
            "Южно-Сахалинск",
            "Южно-Сахалинске",
            "Сахалинская",
            "Сахалинской",
            "Сахалинск",
            "Сахалинске",
            "Сахалинская область"
          ]
        },
        {
          "type": "synonyms",
          "value": "RU-SA",
          "synonyms": [
            "Республике Сахе Якутии",
            "Якутск",
            "Якутске",
            "Саха",
            "Якутия",
            "Сахе",
            "Якутии",
            "Республика Саха (Якутия)",
            "Республика Саха Якутия",
            "Республике Сахе (Якутии)"
          ]
        },
        {
          "type": "synonyms",
          "value": "RU-RYA",
          "synonyms": [
            "Рязанской области",
            "Рязань",
            "Рязани",
            "Рязанская",
            "Рязанской",
            "Рязанская область"
          ]
        },
        {
          "type": "synonyms",
          "value": "RU-ROS",
          "synonyms": [
            "Ростовской области",
            "Ростов-на-Дону",
            "Ростов",
            "Ростове-на-Дону",
            "Ростове",
            "Ростовская",
            "Ростовской",
            "Ростов на Дону",
            "Ростове на Дону",
            "Ростовская область"
          ]
        },
        {
          "type": "synonyms",
          "value": "RU-PSK",
          "synonyms": [
            "Псковской области",
            "Псков",
            "Пскове",
            "Псковская",
            "Псковской",
            "Псковская область"
          ]
        },
        {
          "type": "synonyms",
          "value": "RU-PRI",
          "synonyms": [
            "Приморском крае",
            "Владивосток",
            "Владивостоке",
            "Приморский",
            "Приморском",
            "Приморский край"
          ]
        },
        {
          "type": "synonyms",
          "value": "RU-PNZ",
          "synonyms": [
            "Пензенской области",
            "Пенза",
            "Пензе",
            "Пензенская",
            "Пензенской",
            "Пензенская область"
          ]
        },
        {
          "type": "synonyms",
          "value": "RU-PER",
          "synonyms": [
            "Пермском крае",
            "Пермь",
            "Перми",
            "Пермский",
            "Пермском",
            "Пермский край"
          ]
        },
        {
          "type": "synonyms",
          "value": "RU-ORL",
          "synonyms": [
            "Орловской области",
            "Орёл",
            "Орел",
            "Орле",
            "Орловская",
            "Орловской",
            "Орловская область"
          ]
        },
        {
          "type": "synonyms",
          "value": "RU-ORE",
          "synonyms": [
            "Оренбургской области",
            "Оренбург",
            "Оренбурге",
            "Оренбургская",
            "Оренбургской",
            "Оренбургская область"
          ]
        },
        {
          "type": "synonyms",
          "value": "RU-OMS",
          "synonyms": [
            "Омской области",
            "Омск",
            "Омске",
            "Омская",
            "Омской",
            "Омская область"
          ]
        },
        {
          "type": "synonyms",
          "value": "RU-NVS",
          "synonyms": [
            "Новосибирской области",
            "Новосибирск",
            "Новосибирске",
            "Новосибирская",
            "Новосибирской",
            "Новосибирская область"
          ]
        },
        {
          "type": "synonyms",
          "value": "RU-NIZ",
          "synonyms": [
            "Нижегородской области",
            "Нижний Новгород",
            "Нижнем Новгороде",
            "Нижний",
            "Нижнем",
            "Нижегородская",
            "Нижегородской",
            "Нижегородская область"
          ]
        },
        {
          "type": "synonyms",
          "value": "RU-NGR",
          "synonyms": [
            "Новгородской области",
            "Великий Новгород",
            "Великом Новгороде",
            "Новгородская",
            "Новгородской",
            "Новгородская область"
          ]
        },
        {
          "type": "synonyms",
          "value": "RU-NEN",
          "synonyms": [
            "Ненецком автономном округе",
            "Ненецкий АО",
            "Ненецком АО",
            "Ненецкий",
            "Ненецком",
            "Нарьян-Мар",
            "Нарьян-Маре",
            "Нарьян Мар",
            "Нарьян Маре",
            "Ненецкий автономный округ"
          ]
        },
        {
          "type": "synonyms",
          "value": "RU-MUR",
          "synonyms": [
            "Мурманской области",
            "Мурманск",
            "Мурманске",
            "Мурманская",
            "Мурманской",
            "Мурманская область"
          ]
        },
        {
          "type": "synonyms",
          "value": "RU-MOW",
          "synonyms": [
            "Москве",
            "Столица",
            "Столице",
            "Москва"
          ]
        },
        {
          "type": "synonyms",
          "value": "RU-MOS",
          "synonyms": [
            "Московской области",
            "Московская",
            "Московской",
            "Московская область"
          ]
        },
        {
          "type": "synonyms",
          "value": "RU-MO",
          "synonyms": [
            "Республике Мордовии",
            "Саранск",
            "Саранске",
            "Мордовия",
            "Мордовии",
            "Республика Мордовия"
          ]
        },
        {
          "type": "synonyms",
          "value": "RU-ME",
          "synonyms": [
            "Республике Марий Эл",
            "Йошкар-Ола",
            "Йошкар-Оле",
            "Йошкар Ола",
            "Йошкар Оле",
            "Марий Эл",
            "Марий",
            "Йошкар",
            "Ола",
            "Оле",
            "Республика Марий Эл"
          ]
        },
        {
          "type": "synonyms",
          "value": "RU-MAG",
          "synonyms": [
            "Магаданской области",
            "Магадан",
            "Магадане",
            "Магаданская",
            "Магаданской",
            "Магаданская область"
          ]
        },
        {
          "type": "synonyms",
          "value": "RU-LIP",
          "synonyms": [
            "Липецкой области",
            "Липецк",
            "Липецке",
            "Липецкая",
            "Липецкой",
            "Липецкая область"
          ]
        },
        {
          "type": "synonyms",
          "value": "RU-LEN",
          "synonyms": [
            "Ленинградской области",
            "Ленинградская",
            "Ленинградской",
            "Ленинградская область"
          ]
        },
        {
          "type": "synonyms",
          "value": "RU-KYA",
          "synonyms": [
            "Красноярском крае",
            "Красноярск",
            "Красноярске",
            "Красноярский",
            "Красноярском",
            "Красноярский край"
          ]
        },
        {
          "type": "synonyms",
          "value": "RU-KRS",
          "synonyms": [
            "Курской области",
            "Курск",
            "Курске",
            "Курская",
            "Курской",
            "Курская область"
          ]
        },
        {
          "type": "synonyms",
          "value": "RU-KR",
          "synonyms": [
            "Республике Карелии",
            "Петрозаводск",
            "Петрозаводске",
            "Карелия",
            "Карелии",
            "Республика Карелия"
          ]
        },
        {
          "type": "synonyms",
          "value": "RU-KOS",
          "synonyms": [
            "Костромской области",
            "Кострома",
            "Костроме",
            "Костромская",
            "Костромской",
            "Костромская область"
          ]
        },
        {
          "type": "synonyms",
          "value": "RU-KO",
          "synonyms": [
            "Сыктывкаре",
            "Республике Коми",
            "Сыктывкар",
            "Коми",
            "Республика Коми"
          ]
        },
        {
          "type": "synonyms",
          "value": "RU-KLU",
          "synonyms": [
            "Калужской области",
            "Калуга",
            "Калуге",
            "Калужская",
            "Калужской",
            "Калужская область"
          ]
        },
        {
          "type": "synonyms",
          "value": "RU-KL",
          "synonyms": [
            "Республике Калмыкии",
            "Элиста",
            "Элисте",
            "Калмыкия",
            "Калмыкии",
            "Республика Калмыкия"
          ]
        },
        {
          "type": "synonyms",
          "value": "RU-KK",
          "synonyms": [
            "Республике Хакасии",
            "Абакан",
            "Абакане",
            "Хакасия",
            "Хакасии",
            "Республика Хакасия"
          ]
        },
        {
          "type": "synonyms",
          "value": "RU-KIR",
          "synonyms": [
            "Кировской области",
            "Киров",
            "Кирове",
            "Кировская",
            "Кировской",
            "Кировская область"
          ]
        },
        {
          "type": "synonyms",
          "value": "RU-KHM",
          "synonyms": [
            "Ханты-Мансийский автономный округ",
            "Ханты-Мансийском автономном округе",
            "Ханты-Мансийск",
            "Югра",
            "Ханты-Мансийске",
            "Югре",
            "Ханты Мансийск",
            "Ханты Мансийске",
            "Ханты-Мансийский",
            "Ханты-Мансийском",
            "Ханты-Мансийский АО"
          ]
        },
        {
          "type": "synonyms",
          "value": "RU-KHA",
          "synonyms": [
            "Хабаровском крае",
            "Хабаровск",
            "Хабаровске",
            "Хабаровский",
            "Хабаровском",
            "Хабаровский край"
          ]
        },
        {
          "type": "synonyms",
          "value": "RU-KGN",
          "synonyms": [
            "Курганской области",
            "Курган",
            "Кургане",
            "Курганская",
            "Курганской",
            "Курганская область"
          ]
        },
        {
          "type": "synonyms",
          "value": "RU-KGD",
          "synonyms": [
            "Калининградской области",
            "Калининград",
            "Калининграде",
            "Калининградская",
            "Калининградской",
            "Калининградская область"
          ]
        },
        {
          "type": "synonyms",
          "value": "RU-KEM",
          "synonyms": [
            "Кемеровской области",
            "Кемерово",
            "Кемеровская",
            "Кемеровской",
            "Кемеровская область"
          ]
        },
        {
          "type": "synonyms",
          "value": "RU-KDA",
          "synonyms": [
            "Краснодарском крае",
            "Краснодар",
            "Краснодаре",
            "Краснодарский",
            "Краснодарском",
            "Краснодарский край"
          ]
        },
        {
          "type": "synonyms",
          "value": "RU-KC",
          "synonyms": [
            "Карачаево-Черкесской Республике",
            "Карачаево Черкесская Республика",
            "Карачаево Черкесской Республике",
            "Карачаево-Черкесская",
            "Карачаево-Черкесской",
            "Карачаево Черкесская",
            "Карачаево Черкесской",
            "Карачаево-Черкесия",
            "Карачаево-Черкесии",
            "Карачаево Черкесия",
            "Карачаево Черкесии",
            "Черкесск",
            "Черкесске",
            "Карачаево-Черкесская Республика"
          ]
        },
        {
          "type": "synonyms",
          "value": "RU-KB",
          "synonyms": [
            "Кабардино-Балкарской Республике",
            "Нальчик",
            "Нальчике",
            "Кабардино-Балкарская",
            "Кабардино-Балкарской",
            "Кабардино",
            "Балкарская",
            "Балкарской",
            "Кабардино Балкарская Республика",
            "Кабардино Балкарской Республике",
            "Кабардино Балкарская",
            "Кабардино Балкарской",
            "Кабардино-Балкарская Республика"
          ]
        },
        {
          "type": "synonyms",
          "value": "RU-KAM",
          "synonyms": [
            "Камчатском крае",
            "Петропавловск-Камчатский",
            "Петропавловске-Камчатском",
            "Петропавловск",
            "Петропавловске",
            "Камчатский",
            "Камчатском",
            "Петропавловск Камчатский",
            "Петропавловске Камчатском",
            "Камчатский край"
          ]
        },
        {
          "type": "synonyms",
          "value": "RU-IVA",
          "synonyms": [
            "Ивановской области",
            "Иваново",
            "Ивановская",
            "Ивановской",
            "Ивановская область"
          ]
        },
        {
          "type": "synonyms",
          "value": "RU-IRK",
          "synonyms": [
            "Иркутской области",
            "Иркутск",
            "Иркутске",
            "Иркутская",
            "Иркутской",
            "Иркутская область"
          ]
        },
        {
          "type": "synonyms",
          "value": "RU-IN",
          "synonyms": [
            "Республике Ингушетии",
            "Магас",
            "Магасе",
            "Ингушетия",
            "Ингушетии",
            "Республика Ингушетия"
          ]
        },
        {
          "type": "synonyms",
          "value": "RU-GA",
          "synonyms": [
            "Республике Алтай",
            "Горно-Алтайск",
            "Горно-Алтайске",
            "Горно Алтайск",
            "Горно Алтайске",
            "Республика Алтай"
          ]
        },
        {
          "type": "synonyms",
          "value": "RU-DA",
          "synonyms": [
            "Республике Дагестане",
            "Махачкала",
            "Махачкале",
            "Дагестан",
            "Дагестане",
            "Республика Дагестан"
          ]
        },
        {
          "type": "synonyms",
          "value": "RU-CU",
          "synonyms": [
            "Республике Чувашии",
            "Чебоксары",
            "Чебоксарах",
            "Чувашия",
            "Чувашии",
            "Республика Чувашия"
          ]
        },
        {
          "type": "synonyms",
          "value": "RU-CR",
          "synonyms": [
            "Республике Крыму",
            "Симферополь",
            "Симферополе",
            "Крым",
            "Крыму",
            "Республика Крым"
          ]
        },
        {
          "type": "synonyms",
          "value": "RU-CHU",
          "synonyms": [
            "Чукотском автономном округе",
            "Чукотский АО",
            "Чукотском АО",
            "Чукотка",
            "Чукотке",
            "Чукотский",
            "Чукотском",
            "Анадырь",
            "Анадыре",
            "Чукотский автономный округ"
          ]
        },
        {
          "type": "synonyms",
          "value": "RU-CHE",
          "synonyms": [
            "Челябинской области",
            "Челябинск",
            "Челябинске",
            "Челябинская",
            "Челябинской",
            "Челябинская область"
          ]
        },
        {
          "type": "synonyms",
          "value": "RU-CE",
          "synonyms": [
            "Чеченской Республике",
            "Грозный",
            "Чечня",
            "Грозном",
            "Чечне",
            "Чеченская",
            "Чеченской",
            "Чеченская Республика"
          ]
        },
        {
          "type": "synonyms",
          "value": "RU-BU",
          "synonyms": [
            "Республике Бурятии",
            "Улан-Удэ",
            "Улан Удэ",
            "Бурятия",
            "Бурятии",
            "Улан",
            "Удэ",
            "Республика Бурятия"
          ]
        },
        {
          "type": "synonyms",
          "value": "RU-BRY",
          "synonyms": [
            "Брянской области",
            "Брянск",
            "Брянске",
            "Брянская",
            "Брянской",
            "Брянская область"
          ]
        },
        {
          "type": "synonyms",
          "value": "RU-BEL",
          "synonyms": [
            "Белгородской области",
            "Белгород",
            "Белгороде",
            "Белгородская",
            "Белгородской",
            "Белгородская область"
          ]
        },
        {
          "type": "synonyms",
          "value": "RU-BA",
          "synonyms": [
            "Республике Башкортостане",
            "Уфа",
            "Башкирия",
            "Уфе",
            "Башкирии",
            "Башкортостан",
            "Башкортостане",
            "Республика Башкортостан"
          ]
        },
        {
          "type": "synonyms",
          "value": "RU-AST",
          "synonyms": [
            "Астраханской области",
            "Астрахань",
            "Астрахани",
            "Астраханская",
            "Астраханской",
            "Астраханская область"
          ]
        },
        {
          "type": "synonyms",
          "value": "RU-ARK",
          "synonyms": [
            "Архангельской области",
            "Архангельск",
            "Архангельске",
            "Архангельская",
            "Архангельской",
            "Архангельская область"
          ]
        },
        {
          "type": "synonyms",
          "value": "RU-AMU",
          "synonyms": [
            "Амурской области",
            "Благовещенск",
            "Амур",
            "Благовещенске",
            "Амуре",
            "Амурская",
            "Амурской",
            "Амурская область"
          ]
        },
        {
          "type": "synonyms",
          "value": "RU-AD",
          "synonyms": [
            "Республике Адыгее",
            "Майкоп",
            "Майкопе",
            "Адыгея",
            "Адыгее",
            "Республика Адыгея"
          ]
        },
        {
          "type": "synonyms",
          "value": "RU-ALT",
          "synonyms": [
            "Алтайском крае",
            "Барнаул",
            "Барнауле",
            "Алтайский край"
          ]
        },
        {
          "type": "synonyms",
          "value": "RU-SEV",
          "synonyms": [
            "Севастополе",
            "Севастополь"
          ]
        },
        {
          "type": "synonyms",
          "value": "RU-ZAB",
          "synonyms": [
            "Забайкальском крае",
            "Чита",
            "Чите",
            "Забайкальский",
            "Забайкальском",
            "Забайкальский край"
          ]
        },
        {
          "type": "synonyms",
          "value": "RU-YEV",
          "synonyms": [
            "Еврейской автономной области",
            "Биробиджан",
            "Еврейская",
            "Еврейской",
            "Биробиджане",
            "Еврейская область",
            "Еврейской области",
            "Еврейская автономная область"
          ]
        },
        {
          "type": "synonyms",
          "value": "RU-YAR",
          "synonyms": [
            "Ярославской области",
            "Ярославль",
            "Ярославле",
            "Ярославская",
            "Ярославской",
            "Ярославская область"
          ]
        }
      ],
      "fuzzy_match": true
    }